{"cameraMode":{"drawMode":0,"name":"Shaded","section":"Shading Mode"},"sceneLighting":false,"audioPlay":false,"sceneViewState":{"m_AlwaysRefresh":false,"showFog":true,"showSkybox":false,"showFlares":true,"showImageEffects":true,"showParticleSystems":true,"showVisualEffectGraphs":true,"m_FxEnabled":true},"in2DMode":false,"pivot":{"x":1.8840689659118653,"y":1.643043875694275,"z":1.2669529914855958},"rotation":{"x":0.47925275564193728,"y":0.36132436990737917,"z":-0.2257836014032364,"w":0.7674008011817932},"size":13.562314987182618,"orthographic":false}